event_id,participant_id,session_id,condition,disengagement_onset_ts,trigger_source,robot_nonverbal_start_ts,robot_nonverbal_type,robot_nonverbal_end_ts,distraction_end_ts,escalated_to_voice,voice_start_ts,voice_prompt_type,voice_prompt_text_length,highlight_shown,highlight_shown_ts,resumed_within_window,resume_latency_ms,resume_stage
55,haya,session_20260404_haya_2afba5,with_system,2026-04-04T23:16:18.025876-04:00,gaze_off_screen,2026-04-04T23:16:18.025876-04:00,head_turn_plus_wave,,2026-04-04T23:16:25.495056-04:00,1,2026-04-04T23:17:43.511863-04:00,context_aware,79,1,2026-04-04T23:17:43.511863-04:00,1,7470.0,resumed_after_voice
56,haya,session_20260404_haya_2afba5,with_system,2026-04-04T23:17:59.814944-04:00,gaze_off_screen,2026-04-04T23:17:59.814944-04:00,head_turn_plus_wave,,2026-04-04T23:18:46.959813-04:00,1,2026-04-04T23:18:47.780589-04:00,context_aware,79,1,2026-04-04T23:18:47.780589-04:00,0,47140.0,not_resumed
57,haya,session_20260404_haya_6d8862,with_system,2026-04-04T23:28:08.598506-04:00,gaze_off_screen,2026-04-04T23:28:08.598506-04:00,head_turn_plus_wave,,2026-04-04T23:28:14.717084-04:00,1,2026-04-04T23:29:53.829695-04:00,context_aware,71,1,2026-04-04T23:29:53.829695-04:00,1,6120.0,resumed_after_voice
58,haya,session_20260404_haya_7ee2a3,with_system,2026-04-04T23:20:17.228462-04:00,gaze_off_screen,2026-04-04T23:20:17.228462-04:00,head_turn_plus_wave,,2026-04-04T23:20:34.585551-04:00,1,2026-04-04T23:21:51.853732-04:00,context_aware,75,1,2026-04-04T23:21:51.853732-04:00,1,17360.0,resumed_after_voice
508,MayaS,session_20260415_MayaS_3d6da2,with_system,2026-04-15T15:33:16.908591-04:00,gaze_off_screen,2026-04-15T15:33:16.908591-04:00,head_turn_plus_wave,2026-04-15T15:33:29.787761-04:00,2026-04-15T15:33:29.885043-04:00,0,,,,0,,1,12980.0,resumed_after_nonverbal
509,MayaS,session_20260415_MayaS_3d6da2,with_system,2026-04-15T15:33:42.858057-04:00,gaze_off_screen,2026-04-15T15:33:42.858057-04:00,head_turn_plus_wave,2026-04-15T15:33:55.020024-04:00,2026-04-15T15:34:03.642723-04:00,0,,,,0,,1,20780.0,resumed_after_nonverbal
510,MayaS,session_20260415_MayaS_3d6da2,with_system,2026-04-15T15:34:05.795932-04:00,gaze_off_screen,2026-04-15T15:34:05.795932-04:00,head_turn_plus_wave,2026-04-15T15:34:17.377602-04:00,2026-04-15T15:34:17.506314-04:00,0,,,,0,,1,11710.0,resumed_after_nonverbal
511,MayaS,session_20260415_MayaS_3d6da2,with_system,2026-04-15T15:34:25.826107-04:00,gaze_off_screen,2026-04-15T15:34:25.826107-04:00,head_turn_plus_wave,2026-04-15T15:34:40.238931-04:00,2026-04-15T15:35:36.379472-04:00,0,,,,0,,1,70550.0,resumed_after_nonverbal
512,MayaS,session_20260415_MayaS_3d6da2,with_system,2026-04-15T15:35:56.511544-04:00,gaze_off_screen,2026-04-15T15:35:56.511544-04:00,head_turn_plus_wave,2026-04-15T15:36:05.924884-04:00,2026-04-15T15:36:06.152298-04:00,0,,,,0,,1,9640.0,resumed_after_nonverbal
513,MayaS,session_20260415_MayaS_3d6da2,with_system,2026-04-15T15:36:15.077613-04:00,gaze_off_screen,2026-04-15T15:36:15.077613-04:00,head_turn_plus_wave,2026-04-15T15:36:27.479331-04:00,2026-04-15T15:36:30.855224-04:00,0,,,,0,,1,15780.0,resumed_after_nonverbal
514,MayaS,session_20260415_MayaS_3d6da2,with_system,2026-04-15T15:36:32.697019-04:00,gaze_off_screen,2026-04-15T15:36:32.697019-04:00,head_turn_plus_wave,2026-04-15T15:36:35.351042-04:00,2026-04-15T15:36:35.680959-04:00,0,,,,0,,1,2980.0,resumed_after_nonverbal
570,Haya,session_20260420_Haya_44aec9,with_system,2026-04-20T23:27:49.028708-04:00,gaze_off_screen,2026-04-20T23:27:49.028708-04:00,head_turn_plus_wave,2026-04-20T23:27:58.112998-04:00,2026-04-20T23:28:04.814502-04:00,0,,,,0,,1,15790.0,resumed_after_nonverbal
571,Haya,session_20260420_Haya_44aec9,with_system,2026-04-20T23:28:06.668266-04:00,gaze_off_screen,2026-04-20T23:28:06.668266-04:00,head_turn_plus_wave,2026-04-20T23:28:15.418099-04:00,2026-04-20T23:28:16.446579-04:00,0,,,,0,,1,9780.0,resumed_after_nonverbal
572,Haya,session_20260420_Haya_44aec9,with_system,2026-04-20T23:28:19.842272-04:00,gaze_off_screen,2026-04-20T23:28:19.842272-04:00,head_turn_plus_wave,2026-04-20T23:28:20.450046-04:00,2026-04-20T23:28:20.501501-04:00,0,,,,0,,1,660.0,resumed_after_nonverbal
573,Haya,session_20260420_Haya_44aec9,with_system,2026-04-20T23:28:24.002911-04:00,gaze_off_screen,2026-04-20T23:28:24.002911-04:00,head_turn_plus_wave,2026-04-20T23:28:29.677318-04:00,2026-04-20T23:28:29.728560-04:00,0,,,,0,,1,5730.0,resumed_after_nonverbal
574,Haya,session_20260420_Haya_44aec9,with_system,2026-04-20T23:28:29.728721-04:00,gaze_off_screen,2026-04-20T23:28:29.728721-04:00,head_turn_plus_wave,2026-04-20T23:28:35.305749-04:00,2026-04-20T23:28:35.348629-04:00,0,,,,0,,1,5620.0,resumed_after_nonverbal
575,Haya,session_20260420_Haya_44aec9,with_system,2026-04-20T23:28:35.348765-04:00,gaze_off_screen,2026-04-20T23:28:35.348765-04:00,head_turn_plus_wave,2026-04-20T23:28:40.293529-04:00,2026-04-20T23:28:40.348564-04:00,0,,,,0,,1,5000.0,resumed_after_nonverbal
576,Haya,session_20260420_Haya_44aec9,with_system,2026-04-20T23:28:40.348710-04:00,gaze_off_screen,2026-04-20T23:28:40.348710-04:00,head_turn_plus_wave,2026-04-20T23:28:49.114293-04:00,2026-04-20T23:28:50.148439-04:00,0,,,,0,,1,9800.0,resumed_after_nonverbal
577,Haya,session_20260420_Haya_44aec9,with_system,2026-04-20T23:29:08.806007-04:00,gaze_off_screen,2026-04-20T23:29:08.806007-04:00,head_turn_plus_wave,2026-04-20T23:29:09.222156-04:00,2026-04-20T23:29:09.268255-04:00,0,,,,0,,1,460.0,resumed_after_nonverbal
578,Haya,session_20260420_Haya_44aec9,with_system,2026-04-20T23:30:11.841958-04:00,gaze_off_screen,2026-04-20T23:30:11.841958-04:00,head_turn_plus_wave,2026-04-20T23:30:12.217769-04:00,2026-04-20T23:30:12.264302-04:00,0,,,,0,,1,420.0,resumed_after_nonverbal
579,Haya,session_20260420_Haya_44aec9,with_system,2026-04-20T23:31:09.680608-04:00,gaze_off_screen,2026-04-20T23:31:09.680608-04:00,head_turn_plus_wave,2026-04-20T23:31:13.932706-04:00,2026-04-20T23:31:13.991206-04:00,0,,,,0,,1,4310.0,resumed_after_nonverbal
590,mavis,session_20260421_mavis_fa35d4,with_system,2026-04-21T13:52:03.034409-04:00,gaze_off_screen,2026-04-21T13:52:03.034409-04:00,head_turn_plus_wave,2026-04-21T13:52:11.590429-04:00,2026-04-21T13:52:11.787050-04:00,0,,,,0,,1,8750.0,resumed_after_nonverbal
591,mavis,session_20260421_mavis_fa35d4,with_system,2026-04-21T13:52:37.830587-04:00,gaze_off_screen,2026-04-21T13:52:37.830587-04:00,head_turn_plus_wave,2026-04-21T13:52:45.793160-04:00,2026-04-21T13:52:45.830118-04:00,0,,,,0,,1,8000.0,resumed_after_nonverbal
592,mavis,session_20260421_mavis_fa35d4,with_system,2026-04-21T13:53:04.391060-04:00,gaze_off_screen,2026-04-21T13:53:04.391060-04:00,head_turn_plus_wave,2026-04-21T13:53:12.785662-04:00,2026-04-21T13:54:18.562476-04:00,1,2026-04-21T13:54:14.484463-04:00,context_aware,100,1,2026-04-21T13:54:14.484463-04:00,1,74170.0,resumed_after_voice
593,mavis,session_20260421_mavis_fa35d4,with_system,2026-04-21T13:54:24.890483-04:00,gaze_off_screen,2026-04-21T13:54:24.890483-04:00,head_turn_plus_wave,2026-04-21T13:54:30.153448-04:00,2026-04-21T13:54:30.210540-04:00,0,,,,0,,1,5320.0,resumed_after_nonverbal
594,mavis,session_20260421_mavis_fa35d4,with_system,2026-04-21T13:54:37.690901-04:00,gaze_off_screen,2026-04-21T13:54:37.690901-04:00,head_turn_plus_wave,2026-04-21T13:54:43.742882-04:00,2026-04-21T13:54:43.790598-04:00,0,,,,0,,1,6100.0,resumed_after_nonverbal
595,mavis,session_20260421_mavis_fa35d4,with_system,2026-04-21T13:54:51.373822-04:00,gaze_off_screen,2026-04-21T13:54:51.373822-04:00,head_turn_plus_wave,2026-04-21T13:54:59.595825-04:00,2026-04-21T13:56:10.454128-04:00,1,2026-04-21T13:56:00.996355-04:00,context_aware,79,1,2026-04-21T13:56:00.996355-04:00,0,79080.0,not_resumed
604,Zhenkai Gao,session_20260425_Zhenkai Gao_b66ba0,with_system,2026-04-25T14:27:48.340699-04:00,gaze_off_screen,2026-04-25T14:27:48.340699-04:00,head_turn_plus_wave,2026-04-25T14:27:51.256996-04:00,2026-04-25T14:27:51.298518-04:00,0,,,,0,,1,2960.0,resumed_after_nonverbal
605,Zhenkai Gao,session_20260425_Zhenkai Gao_b66ba0,with_system,2026-04-25T14:27:57.211135-04:00,gaze_off_screen,2026-04-25T14:27:57.211135-04:00,head_turn_plus_wave,2026-04-25T14:28:01.035721-04:00,2026-04-25T14:28:01.084454-04:00,0,,,,0,,1,3870.0,resumed_after_nonverbal
606,Zhenkai Gao,session_20260425_Zhenkai Gao_b66ba0,with_system,2026-04-25T14:28:09.541185-04:00,gaze_off_screen,2026-04-25T14:28:09.541185-04:00,head_turn_plus_wave,2026-04-25T14:28:12.195268-04:00,2026-04-25T14:28:12.229015-04:00,0,,,,0,,1,2690.0,resumed_after_nonverbal
607,Zhenkai Gao,session_20260425_Zhenkai Gao_b66ba0,with_system,2026-04-25T14:28:25.845707-04:00,gaze_off_screen,2026-04-25T14:28:25.845707-04:00,head_turn_plus_wave,2026-04-25T14:28:26.313489-04:00,2026-04-25T14:28:26.358342-04:00,0,,,,0,,1,510.0,resumed_after_nonverbal
608,Zhenkai Gao,session_20260425_Zhenkai Gao_b66ba0,with_system,2026-04-25T14:28:42.362900-04:00,gaze_off_screen,2026-04-25T14:28:42.362900-04:00,head_turn_plus_wave,2026-04-25T14:28:44.558229-04:00,2026-04-25T14:28:44.606769-04:00,0,,,,0,,1,2240.0,resumed_after_nonverbal
609,Zhenkai Gao,session_20260425_Zhenkai Gao_b66ba0,with_system,2026-04-25T14:28:51.350386-04:00,gaze_off_screen,2026-04-25T14:28:51.350386-04:00,head_turn_plus_wave,2026-04-25T14:28:59.718567-04:00,2026-04-25T14:29:01.878696-04:00,0,,,,0,,1,10530.0,resumed_after_nonverbal
610,Zhenkai Gao,session_20260425_Zhenkai Gao_b66ba0,with_system,2026-04-25T14:29:08.061490-04:00,gaze_off_screen,2026-04-25T14:29:08.061490-04:00,head_turn_plus_wave,2026-04-25T14:29:16.443928-04:00,2026-04-25T14:29:24.894087-04:00,0,,,,0,,1,16830.0,resumed_after_nonverbal
611,Zhenkai Gao,session_20260425_Zhenkai Gao_b66ba0,with_system,2026-04-25T14:29:37.804876-04:00,gaze_off_screen,2026-04-25T14:29:37.804876-04:00,head_turn_plus_wave,2026-04-25T14:29:46.247932-04:00,2026-04-25T14:29:50.583310-04:00,0,,,,0,,1,12780.0,resumed_after_nonverbal
612,Zhenkai Gao,session_20260425_Zhenkai Gao_b66ba0,with_system,2026-04-25T14:30:19.111392-04:00,gaze_off_screen,2026-04-25T14:30:19.111392-04:00,head_turn_plus_wave,2026-04-25T14:30:27.394389-04:00,2026-04-25T14:30:34.572045-04:00,0,,,,0,,1,15460.0,resumed_after_nonverbal
613,Zhenkai Gao,session_20260425_Zhenkai Gao_b66ba0,with_system,2026-04-25T14:30:44.884014-04:00,gaze_off_screen,2026-04-25T14:30:44.884014-04:00,head_turn_plus_wave,2026-04-25T14:30:51.849142-04:00,2026-04-25T14:30:51.917181-04:00,0,,,,0,,1,7030.0,resumed_after_nonverbal
614,Zhenkai Gao,session_20260425_Zhenkai Gao_b66ba0,with_system,2026-04-25T14:31:37.962195-04:00,gaze_off_screen,2026-04-25T14:31:37.962195-04:00,head_turn_plus_wave,2026-04-25T14:31:46.469774-04:00,2026-04-25T14:31:54.174786-04:00,0,,,,0,,1,16210.0,resumed_after_nonverbal
615,Zhenkai Gao,session_20260425_Zhenkai Gao_b66ba0,with_system,2026-04-25T14:32:29.601737-04:00,gaze_off_screen,2026-04-25T14:32:29.601737-04:00,head_turn_plus_wave,2026-04-25T14:32:36.290867-04:00,2026-04-25T14:32:36.344935-04:00,0,,,,0,,1,6740.0,resumed_after_nonverbal
616,Zhenkai Gao,session_20260425_Zhenkai Gao_b66ba0,with_system,2026-04-25T14:33:08.343067-04:00,gaze_off_screen,2026-04-25T14:33:08.343067-04:00,head_turn_plus_wave,2026-04-25T14:33:08.734722-04:00,2026-04-25T14:33:08.814314-04:00,0,,,,0,,1,470.0,resumed_after_nonverbal
617,Zhenkai Gao,session_20260425_Zhenkai Gao_b66ba0,with_system,2026-04-25T14:33:41.092650-04:00,gaze_off_screen,2026-04-25T14:33:41.092650-04:00,head_turn_plus_wave,2026-04-25T14:33:43.338887-04:00,2026-04-25T14:33:43.409038-04:00,0,,,,0,,1,2320.0,resumed_after_nonverbal
618,Zhenkai Gao,session_20260425_Zhenkai Gao_b66ba0,with_system,2026-04-25T14:35:06.450706-04:00,gaze_off_screen,2026-04-25T14:35:06.450706-04:00,head_turn_plus_wave,2026-04-25T14:35:14.841257-04:00,2026-04-25T14:35:14.947716-04:00,0,,,,0,,1,8500.0,resumed_after_nonverbal
619,Zhenkai Gao,session_20260425_Zhenkai Gao_b66ba0,with_system,2026-04-25T14:35:26.883747-04:00,gaze_off_screen,2026-04-25T14:35:26.883747-04:00,head_turn_plus_wave,2026-04-25T14:35:35.590976-04:00,2026-04-25T14:35:48.241195-04:00,0,,,,0,,1,21360.0,resumed_after_nonverbal
620,Zhenkai Gao,session_20260425_Zhenkai Gao_b66ba0,with_system,2026-04-25T14:35:54.965594-04:00,gaze_off_screen,2026-04-25T14:35:54.965594-04:00,head_turn_plus_wave,2026-04-25T14:35:59.908683-04:00,2026-04-25T14:35:59.971974-04:00,0,,,,0,,1,5010.0,resumed_after_nonverbal
621,Zhenkai Gao,session_20260425_Zhenkai Gao_b66ba0,with_system,2026-04-25T14:36:18.804328-04:00,gaze_off_screen,2026-04-25T14:36:18.804328-04:00,head_turn_plus_wave,2026-04-25T14:36:22.346792-04:00,2026-04-25T14:36:22.386631-04:00,0,,,,0,,1,3580.0,resumed_after_nonverbal
622,haya,session_20260425_haya_cf6508,with_system,2026-04-25T15:25:03.199463-04:00,gaze_off_screen,2026-04-25T15:25:03.199463-04:00,head_turn_plus_wave,2026-04-25T15:25:05.565949-04:00,2026-04-25T15:25:05.611647-04:00,0,,,,0,,1,2410.0,resumed_after_nonverbal
623,haya,session_20260425_haya_cf6508,with_system,2026-04-25T15:26:10.765733-04:00,gaze_off_screen,2026-04-25T15:26:10.765733-04:00,head_turn_plus_wave,2026-04-25T15:26:19.272660-04:00,2026-04-25T15:26:20.824214-04:00,0,,,,0,,1,10060.0,resumed_after_nonverbal
624,haya,session_20260425_haya_cf6508,with_system,2026-04-25T15:26:46.285975-04:00,gaze_off_screen,2026-04-25T15:26:46.285975-04:00,head_turn_plus_wave,2026-04-25T15:26:54.895528-04:00,2026-04-25T15:26:59.149692-04:00,0,,,,0,,1,12860.0,resumed_after_nonverbal
625,haya,session_20260425_haya_cf6508,with_system,2026-04-25T15:27:01.640231-04:00,gaze_off_screen,2026-04-25T15:27:01.640231-04:00,head_turn_plus_wave,2026-04-25T15:27:01.829565-04:00,2026-04-25T15:27:01.877027-04:00,0,,,,0,,1,240.0,resumed_after_nonverbal
626,haya,session_20260425_haya_cf6508,with_system,2026-04-25T15:27:08.929756-04:00,gaze_off_screen,2026-04-25T15:27:08.929756-04:00,head_turn_plus_wave,2026-04-25T15:27:11.315369-04:00,2026-04-25T15:27:11.373378-04:00,0,,,,0,,1,2440.0,resumed_after_nonverbal
627,haya,session_20260425_haya_cf6508,with_system,2026-04-25T15:27:12.520618-04:00,gaze_off_screen,2026-04-25T15:27:12.520618-04:00,head_turn_plus_wave,2026-04-25T15:27:20.673057-04:00,2026-04-25T15:27:24.809819-04:00,0,,,,0,,1,12290.0,resumed_after_nonverbal
628,haya,session_20260425_haya_cf6508,with_system,2026-04-25T15:27:29.413459-04:00,gaze_off_screen,2026-04-25T15:27:29.413459-04:00,head_turn_plus_wave,2026-04-25T15:27:37.858040-04:00,2026-04-25T15:28:23.523171-04:00,0,,,,0,,1,54110.0,resumed_after_nonverbal
629,haya,session_20260425_haya_cf6508,with_system,2026-04-25T15:28:25.477922-04:00,gaze_off_screen,2026-04-25T15:28:25.477922-04:00,head_turn_plus_wave,2026-04-25T15:28:34.000428-04:00,2026-04-25T15:29:06.268191-04:00,0,,,,0,,1,40790.0,resumed_after_nonverbal
630,haya,session_20260425_haya_cf6508,with_system,2026-04-25T15:29:25.001135-04:00,gaze_off_screen,2026-04-25T15:29:25.001135-04:00,head_turn_plus_wave,2026-04-25T15:29:33.471255-04:00,2026-04-25T15:29:35.170976-04:00,0,,,,0,,1,10170.0,resumed_after_nonverbal
631,haya,session_20260425_haya_cf6508,with_system,2026-04-25T15:29:54.457486-04:00,gaze_off_screen,2026-04-25T15:29:54.457486-04:00,head_turn_plus_wave,2026-04-25T15:30:02.854441-04:00,2026-04-25T15:30:08.937438-04:00,0,,,,0,,1,14480.0,resumed_after_nonverbal
632,haya,session_20260425_haya_cf6508,with_system,2026-04-25T15:30:18.565170-04:00,gaze_off_screen,2026-04-25T15:30:18.565170-04:00,head_turn_plus_wave,2026-04-25T15:30:25.145550-04:00,2026-04-25T15:30:25.201784-04:00,0,,,,0,,1,6640.0,resumed_after_nonverbal
633,haya,session_20260425_haya_cf6508,with_system,2026-04-25T15:30:27.871612-04:00,gaze_off_screen,2026-04-25T15:30:27.871612-04:00,head_turn_plus_wave,2026-04-25T15:30:30.908218-04:00,2026-04-25T15:30:30.908361-04:00,0,,,,0,,0,3040.0,not_resumed
634,haya,session_20260425_haya_da252d,with_system,2026-04-25T15:01:32.766948-04:00,gaze_off_screen,2026-04-25T15:01:32.766948-04:00,head_turn_plus_wave,2026-04-25T15:01:41.193206-04:00,2026-04-25T15:02:18.035341-04:00,0,,,,0,,1,45270.0,resumed_after_nonverbal
635,haya,session_20260425_haya_da252d,with_system,2026-04-25T15:04:07.734003-04:00,gaze_off_screen,2026-04-25T15:04:07.734003-04:00,head_turn_plus_wave,2026-04-25T15:04:12.847537-04:00,2026-04-25T15:04:12.898613-04:00,0,,,,0,,1,5160.0,resumed_after_nonverbal
636,haya,session_20260425_haya_da252d,with_system,2026-04-25T15:04:26.203785-04:00,gaze_off_screen,2026-04-25T15:04:26.203785-04:00,head_turn_plus_wave,2026-04-25T15:04:34.651209-04:00,,0,,,,0,,0,,not_resumed
637,haya,session_20260425_haya_fcf5db,with_system,2026-04-25T15:33:52.415584-04:00,gaze_off_screen,2026-04-25T15:33:52.415584-04:00,head_turn_plus_wave,2026-04-25T15:33:56.963785-04:00,2026-04-25T15:33:57.010053-04:00,0,,,,0,,1,4590.0,resumed_after_nonverbal
638,haya,session_20260425_haya_fcf5db,with_system,2026-04-25T15:35:30.684734-04:00,gaze_off_screen,2026-04-25T15:35:30.684734-04:00,head_turn_plus_wave,2026-04-25T15:35:38.915565-04:00,2026-04-25T15:35:43.496704-04:00,0,,,,0,,1,12810.0,resumed_after_nonverbal
639,haya,session_20260425_haya_fcf5db,with_system,2026-04-25T15:35:48.566739-04:00,gaze_off_screen,2026-04-25T15:35:48.566739-04:00,head_turn_plus_wave,2026-04-25T15:35:53.332962-04:00,2026-04-25T15:35:53.370557-04:00,0,,,,0,,1,4800.0,resumed_after_nonverbal
640,haya,session_20260425_haya_fcf5db,with_system,2026-04-25T15:36:03.742969-04:00,gaze_off_screen,2026-04-25T15:36:03.742969-04:00,head_turn_plus_wave,2026-04-25T15:36:11.990497-04:00,2026-04-25T15:36:12.813207-04:00,0,,,,0,,1,9070.0,resumed_after_nonverbal
641,haya,session_20260425_haya_fcf5db,with_system,2026-04-25T15:40:03.003288-04:00,gaze_off_screen,2026-04-25T15:40:03.003288-04:00,head_turn_plus_wave,2026-04-25T15:40:03.407708-04:00,2026-04-25T15:40:03.440545-04:00,0,,,,0,,1,440.0,resumed_after_nonverbal
642,haya,session_20260425_haya_fcf5db,with_system,2026-04-25T15:40:45.725776-04:00,gaze_off_screen,2026-04-25T15:40:45.725776-04:00,head_turn_plus_wave,2026-04-25T15:40:49.773637-04:00,2026-04-25T15:40:49.820158-04:00,0,,,,0,,1,4090.0,resumed_after_nonverbal
658,Maya,session_20260428_Maya_ee9f03,with_system,2026-04-28T15:14:29.640053-04:00,gaze_off_screen,2026-04-28T15:14:29.640053-04:00,head_turn_plus_wave,2026-04-28T15:14:30.050595-04:00,2026-04-28T15:14:30.093394-04:00,0,,,,0,,1,450.0,resumed_after_nonverbal
659,Maya,session_20260428_Maya_ee9f03,with_system,2026-04-28T15:16:00.190610-04:00,gaze_off_screen,2026-04-28T15:16:00.190610-04:00,head_turn_plus_wave,2026-04-28T15:16:01.901075-04:00,2026-04-28T15:16:01.942340-04:00,0,,,,0,,1,1750.0,resumed_after_nonverbal
660,Maya,session_20260428_Maya_ee9f03,with_system,2026-04-28T15:16:21.345464-04:00,gaze_off_screen,2026-04-28T15:16:21.345464-04:00,head_turn_plus_wave,2026-04-28T15:16:23.176269-04:00,2026-04-28T15:16:23.219716-04:00,0,,,,0,,1,1870.0,resumed_after_nonverbal
661,Maya,session_20260428_Maya_ee9f03,with_system,2026-04-28T15:16:42.421726-04:00,gaze_off_screen,2026-04-28T15:16:42.421726-04:00,head_turn_plus_wave,2026-04-28T15:16:44.154469-04:00,2026-04-28T15:16:44.203382-04:00,0,,,,0,,1,1780.0,resumed_after_nonverbal
662,Maya,session_20260428_Maya_ee9f03,with_system,2026-04-28T15:16:50.078529-04:00,gaze_off_screen,2026-04-28T15:16:50.078529-04:00,head_turn_plus_wave,2026-04-28T15:16:52.193427-04:00,2026-04-28T15:16:52.238726-04:00,0,,,,0,,1,2160.0,resumed_after_nonverbal
663,Maya,session_20260428_Maya_ee9f03,with_system,2026-04-28T15:17:23.889090-04:00,gaze_off_screen,2026-04-28T15:17:23.889090-04:00,head_turn_plus_wave,2026-04-28T15:17:26.182211-04:00,2026-04-28T15:17:26.221983-04:00,0,,,,0,,1,2330.0,resumed_after_nonverbal
664,Maya,session_20260428_Maya_ee9f03,with_system,2026-04-28T15:18:09.113817-04:00,gaze_off_screen,2026-04-28T15:18:09.113817-04:00,head_turn_plus_wave,2026-04-28T15:18:17.311463-04:00,2026-04-28T15:18:22.123692-04:00,0,,,,0,,1,13010.0,resumed_after_nonverbal
665,Maya,session_20260428_Maya_ee9f03,with_system,2026-04-28T15:19:21.983660-04:00,gaze_off_screen,2026-04-28T15:19:21.983660-04:00,head_turn_plus_wave,2026-04-28T15:19:24.807754-04:00,2026-04-28T15:19:24.849441-04:00,0,,,,0,,1,2870.0,resumed_after_nonverbal
666,Maya,session_20260428_Maya_ee9f03,with_system,2026-04-28T15:19:31.242665-04:00,gaze_off_screen,2026-04-28T15:19:31.242665-04:00,head_turn_plus_wave,2026-04-28T15:19:33.668039-04:00,2026-04-28T15:19:33.721827-04:00,0,,,,0,,1,2480.0,resumed_after_nonverbal
667,mavis,session_20260428_mavis_403621,with_system,2026-04-28T13:44:16.574348-04:00,gaze_off_screen,2026-04-28T13:44:16.574348-04:00,head_turn_plus_wave,2026-04-28T13:44:19.050578-04:00,2026-04-28T13:44:19.098930-04:00,0,,,,0,,1,2520.0,resumed_after_nonverbal
668,mavis,session_20260428_mavis_403621,with_system,2026-04-28T13:44:54.755849-04:00,gaze_off_screen,2026-04-28T13:44:54.755849-04:00,head_turn_plus_wave,2026-04-28T13:44:55.225305-04:00,2026-04-28T13:44:55.280760-04:00,0,,,,0,,1,520.0,resumed_after_nonverbal
669,mavis,session_20260428_mavis_403621,with_system,2026-04-28T13:47:10.673855-04:00,gaze_off_screen,2026-04-28T13:47:10.673855-04:00,head_turn_plus_wave,2026-04-28T13:47:11.375376-04:00,2026-04-28T13:47:11.416952-04:00,0,,,,0,,1,740.0,resumed_after_nonverbal
670,mavis,session_20260428_mavis_403621,with_system,2026-04-28T13:48:45.322607-04:00,gaze_off_screen,2026-04-28T13:48:45.322607-04:00,head_turn_plus_wave,2026-04-28T13:48:47.410727-04:00,2026-04-28T13:48:47.482068-04:00,0,,,,0,,1,2160.0,resumed_after_nonverbal
686,Haya,baseline_20260420_Haya_a493e9,no_system,2026-04-20T23:03:04.208382-04:00,gaze_mind_wandering,,,,2026-04-20T23:03:06.440717-04:00,0,,,,0,,1,2230.0,self_recovered
687,Haya,baseline_20260420_Haya_a493e9,no_system,2026-04-20T23:03:12.585243-04:00,gaze_mind_wandering,,,,2026-04-20T23:03:17.702421-04:00,0,,,,0,,1,5120.0,self_recovered
688,Haya,baseline_20260420_Haya_a493e9,no_system,2026-04-20T23:03:22.350185-04:00,gaze_mind_wandering,,,,2026-04-20T23:04:37.390173-04:00,0,,,,0,,1,75040.0,self_recovered
689,Haya,baseline_20260420_Haya_a493e9,no_system,2026-04-20T23:04:43.615796-04:00,gaze_mind_wandering,,,,2026-04-20T23:05:31.333229-04:00,0,,,,0,,1,47720.0,self_recovered
690,Haya,baseline_20260420_Haya_a493e9,no_system,2026-04-20T23:05:44.746648-04:00,gaze_mind_wandering,,,,2026-04-20T23:07:16.786629-04:00,0,,,,0,,0,92040.0,not_resumed
691,Haya,baseline_20260420_Haya_a493e9,no_system,2026-04-20T23:07:31.546343-04:00,gaze_mind_wandering,,,,2026-04-20T23:07:38.480554-04:00,0,,,,0,,1,6930.0,self_recovered
692,Haya,baseline_20260420_Haya_a493e9,no_system,2026-04-20T23:07:48.134574-04:00,gaze_mind_wandering,,,,2026-04-20T23:07:50.629934-04:00,0,,,,0,,1,2500.0,self_recovered
693,Haya,baseline_20260420_Haya_a493e9,no_system,2026-04-20T23:07:55.663989-04:00,gaze_mind_wandering,,,,2026-04-20T23:08:53.437651-04:00,0,,,,0,,0,57770.0,not_resumed
706,Zhenkai Gao,baseline_20260425_Zhenkai Gao_ab65dd,no_system,2026-04-25T13:54:53.714334-04:00,gaze_mind_wandering,,,,2026-04-25T13:54:56.478424-04:00,0,,,,0,,1,2760.0,self_recovered
707,Zhenkai Gao,baseline_20260425_Zhenkai Gao_ab65dd,no_system,2026-04-25T13:55:11.989246-04:00,gaze_mind_wandering,,,,2026-04-25T13:55:15.598321-04:00,0,,,,0,,1,3610.0,self_recovered
708,Zhenkai Gao,baseline_20260425_Zhenkai Gao_ab65dd,no_system,2026-04-25T13:55:26.379215-04:00,gaze_mind_wandering,,,,2026-04-25T13:55:27.927144-04:00,0,,,,0,,1,1550.0,self_recovered
709,Zhenkai Gao,baseline_20260425_Zhenkai Gao_ab65dd,no_system,2026-04-25T13:55:33.750822-04:00,gaze_mind_wandering,,,,2026-04-25T13:55:33.819394-04:00,0,,,,0,,1,70.0,self_recovered
710,Zhenkai Gao,baseline_20260425_Zhenkai Gao_ab65dd,no_system,2026-04-25T13:55:36.403882-04:00,gaze_mind_wandering,,,,2026-04-25T13:55:52.591439-04:00,0,,,,0,,1,16190.0,self_recovered
711,Zhenkai Gao,baseline_20260425_Zhenkai Gao_ab65dd,no_system,2026-04-25T13:56:01.478474-04:00,gaze_mind_wandering,,,,2026-04-25T13:56:06.617891-04:00,0,,,,0,,1,5140.0,self_recovered
712,Zhenkai Gao,baseline_20260425_Zhenkai Gao_ab65dd,no_system,2026-04-25T13:56:25.049344-04:00,gaze_mind_wandering,,,,2026-04-25T13:56:38.770616-04:00,0,,,,0,,1,13720.0,self_recovered
713,Zhenkai Gao,baseline_20260425_Zhenkai Gao_ab65dd,no_system,2026-04-25T13:56:53.514835-04:00,gaze_mind_wandering,,,,2026-04-25T13:56:56.735441-04:00,0,,,,0,,1,3220.0,self_recovered
714,Zhenkai Gao,baseline_20260425_Zhenkai Gao_ab65dd,no_system,2026-04-25T13:57:03.350097-04:00,gaze_mind_wandering,,,,2026-04-25T13:57:19.319313-04:00,0,,,,0,,1,15970.0,self_recovered
715,Zhenkai Gao,baseline_20260425_Zhenkai Gao_ab65dd,no_system,2026-04-25T13:57:43.506748-04:00,gaze_mind_wandering,,,,2026-04-25T13:57:45.327981-04:00,0,,,,0,,1,1820.0,self_recovered
716,Zhenkai Gao,baseline_20260425_Zhenkai Gao_ab65dd,no_system,2026-04-25T13:57:48.454215-04:00,gaze_mind_wandering,,,,2026-04-25T13:57:51.282460-04:00,0,,,,0,,1,2830.0,self_recovered
717,Zhenkai Gao,baseline_20260425_Zhenkai Gao_ab65dd,no_system,2026-04-25T13:58:06.728836-04:00,gaze_mind_wandering,,,,2026-04-25T13:58:06.914881-04:00,0,,,,0,,1,190.0,self_recovered
718,Zhenkai Gao,baseline_20260425_Zhenkai Gao_ab65dd,no_system,2026-04-25T13:58:16.940044-04:00,gaze_mind_wandering,,,,2026-04-25T13:58:20.309809-04:00,0,,,,0,,1,3370.0,self_recovered
719,Zhenkai Gao,baseline_20260425_Zhenkai Gao_ab65dd,no_system,2026-04-25T13:59:37.952106-04:00,gaze_mind_wandering,,,,2026-04-25T13:59:43.494329-04:00,0,,,,0,,1,5540.0,self_recovered
720,Zhenkai Gao,baseline_20260425_Zhenkai Gao_ab65dd,no_system,2026-04-25T14:00:00.822888-04:00,gaze_mind_wandering,,,,2026-04-25T14:00:15.969331-04:00,0,,,,0,,1,15150.0,self_recovered
721,Zhenkai Gao,baseline_20260425_Zhenkai Gao_ab65dd,no_system,2026-04-25T14:00:19.934442-04:00,gaze_mind_wandering,,,,2026-04-25T14:00:19.969346-04:00,0,,,,0,,1,30.0,self_recovered
722,Zhenkai Gao,baseline_20260425_Zhenkai Gao_ab65dd,no_system,2026-04-25T14:00:53.737358-04:00,gaze_mind_wandering,,,,2026-04-25T14:01:00.392255-04:00,0,,,,0,,1,6650.0,self_recovered
723,Zhenkai Gao,baseline_20260425_Zhenkai Gao_ab65dd,no_system,2026-04-25T14:01:05.306390-04:00,gaze_mind_wandering,,,,2026-04-25T14:01:14.785726-04:00,0,,,,0,,1,9480.0,self_recovered
724,Zhenkai Gao,baseline_20260425_Zhenkai Gao_ab65dd,no_system,2026-04-25T14:01:24.863962-04:00,gaze_mind_wandering,,,,2026-04-25T14:01:30.037388-04:00,0,,,,0,,1,5170.0,self_recovered
725,Zhenkai Gao,baseline_20260425_Zhenkai Gao_ab65dd,no_system,2026-04-25T14:02:03.058290-04:00,looking_away,,,,2026-04-25T14:02:17.495848-04:00,0,,,,0,,1,14440.0,self_recovered
726,Zhenkai Gao,baseline_20260425_Zhenkai Gao_ab65dd,no_system,2026-04-25T14:02:19.441909-04:00,gaze_mind_wandering,,,,2026-04-25T14:02:26.277858-04:00,0,,,,0,,1,6840.0,self_recovered
727,Zhenkai Gao,baseline_20260425_Zhenkai Gao_ab65dd,no_system,2026-04-25T14:02:49.819993-04:00,gaze_mind_wandering,,,,2026-04-25T14:02:51.692719-04:00,0,,,,0,,1,1870.0,self_recovered
728,Maya,baseline_20260428_Maya_1b90bc,no_system,2026-04-28T15:32:58.526614-04:00,gaze_mind_wandering,,,,2026-04-28T15:32:58.872050-04:00,0,,,,0,,1,350.0,self_recovered
729,Maya,baseline_20260428_Maya_1b90bc,no_system,2026-04-28T15:33:05.407719-04:00,gaze_mind_wandering,,,,2026-04-28T15:33:13.310787-04:00,0,,,,0,,1,7900.0,self_recovered
730,Maya,baseline_20260428_Maya_1b90bc,no_system,2026-04-28T15:33:53.143755-04:00,gaze_mind_wandering,,,,2026-04-28T15:33:57.137265-04:00,0,,,,0,,1,3990.0,self_recovered
731,Maya,baseline_20260428_Maya_1b90bc,no_system,2026-04-28T15:34:06.250843-04:00,gaze_mind_wandering,,,,2026-04-28T15:34:10.496770-04:00,0,,,,0,,1,4250.0,self_recovered
732,Maya,baseline_20260428_Maya_1b90bc,no_system,2026-04-28T15:34:11.882761-04:00,gaze_mind_wandering,,,,2026-04-28T15:34:16.736542-04:00,0,,,,0,,1,4850.0,self_recovered
733,Maya,baseline_20260428_Maya_1b90bc,no_system,2026-04-28T15:34:25.105991-04:00,gaze_mind_wandering,,,,2026-04-28T15:34:27.754437-04:00,0,,,,0,,1,2650.0,self_recovered
734,Maya,baseline_20260428_Maya_1b90bc,no_system,2026-04-28T15:34:39.018390-04:00,gaze_mind_wandering,,,,2026-04-28T15:34:42.850160-04:00,0,,,,0,,1,3830.0,self_recovered
735,Maya,baseline_20260428_Maya_1b90bc,no_system,2026-04-28T15:34:44.657914-04:00,gaze_mind_wandering,,,,2026-04-28T15:34:44.795655-04:00,0,,,,0,,1,140.0,self_recovered
736,Maya,baseline_20260428_Maya_1b90bc,no_system,2026-04-28T15:34:51.372311-04:00,gaze_mind_wandering,,,,2026-04-28T15:34:51.510118-04:00,0,,,,0,,1,140.0,self_recovered
737,Maya,baseline_20260428_Maya_1b90bc,no_system,2026-04-28T15:35:14.341325-04:00,gaze_mind_wandering,,,,2026-04-28T15:35:16.086525-04:00,0,,,,0,,1,1750.0,self_recovered
738,Maya,baseline_20260428_Maya_1b90bc,no_system,2026-04-28T15:35:24.893180-04:00,gaze_mind_wandering,,,,2026-04-28T15:35:24.913234-04:00,0,,,,0,,1,20.0,self_recovered
739,Maya,baseline_20260428_Maya_1b90bc,no_system,2026-04-28T15:35:49.574460-04:00,gaze_mind_wandering,,,,2026-04-28T15:35:51.744081-04:00,0,,,,0,,1,2170.0,self_recovered
740,Maya,baseline_20260428_Maya_1b90bc,no_system,2026-04-28T15:36:01.931228-04:00,gaze_mind_wandering,,,,2026-04-28T15:36:02.315609-04:00,0,,,,0,,1,380.0,self_recovered
741,Maya,baseline_20260428_Maya_1b90bc,no_system,2026-04-28T15:36:17.361557-04:00,gaze_mind_wandering,,,,2026-04-28T15:36:25.247707-04:00,0,,,,0,,1,7890.0,self_recovered
742,Maya,baseline_20260428_Maya_1b90bc,no_system,2026-04-28T15:36:27.663345-04:00,gaze_mind_wandering,,,,2026-04-28T15:36:31.719142-04:00,0,,,,0,,1,4060.0,self_recovered
743,Maya,baseline_20260428_Maya_1b90bc,no_system,2026-04-28T15:36:40.260587-04:00,gaze_mind_wandering,,,,2026-04-28T15:36:43.428301-04:00,0,,,,0,,1,3170.0,self_recovered
744,Maya,baseline_20260428_Maya_1b90bc,no_system,2026-04-28T15:36:44.457793-04:00,gaze_mind_wandering,,,,2026-04-28T15:36:44.630452-04:00,0,,,,0,,1,170.0,self_recovered
745,Maya,baseline_20260428_Maya_1b90bc,no_system,2026-04-28T15:36:46.403086-04:00,gaze_mind_wandering,,,,2026-04-28T15:36:49.698184-04:00,0,,,,0,,1,3300.0,self_recovered
746,Maya,baseline_20260428_Maya_1b90bc,no_system,2026-04-28T15:36:54.507927-04:00,gaze_mind_wandering,,,,2026-04-28T15:36:56.433493-04:00,0,,,,0,,1,1930.0,self_recovered
747,Maya,baseline_20260428_Maya_1b90bc,no_system,2026-04-28T15:37:01.046059-04:00,gaze_mind_wandering,,,,2026-04-28T15:37:08.110952-04:00,0,,,,0,,1,7060.0,self_recovered
748,Maya,baseline_20260428_Maya_1b90bc,no_system,2026-04-28T15:37:10.149436-04:00,gaze_mind_wandering,,,,2026-04-28T15:37:13.351731-04:00,0,,,,0,,1,3200.0,self_recovered
749,Maya,baseline_20260428_Maya_1b90bc,no_system,2026-04-28T15:37:22.956327-04:00,gaze_mind_wandering,,,,2026-04-28T15:37:23.234589-04:00,0,,,,0,,1,280.0,self_recovered
750,Maya,baseline_20260428_Maya_1b90bc,no_system,2026-04-28T15:37:25.121965-04:00,gaze_mind_wandering,,,,2026-04-28T15:37:36.885455-04:00,0,,,,0,,1,11760.0,self_recovered
751,Maya,baseline_20260428_Maya_1b90bc,no_system,2026-04-28T15:37:54.907018-04:00,gaze_mind_wandering,,,,2026-04-28T15:37:54.941544-04:00,0,,,,0,,1,30.0,self_recovered
752,Maya,baseline_20260428_Maya_1b90bc,no_system,2026-04-28T15:37:57.155213-04:00,gaze_mind_wandering,,,,2026-04-28T15:37:57.250637-04:00,0,,,,0,,1,100.0,self_recovered
753,Maya,baseline_20260428_Maya_1b90bc,no_system,2026-04-28T15:37:59.245201-04:00,gaze_mind_wandering,,,,2026-04-28T15:38:03.554766-04:00,0,,,,0,,1,4310.0,self_recovered
